State,Quarter,Starting,Added,Renovated,Lost,Next_Lost
Alabama,Q1_16,7000,2800,250,1800,860.0
Arizona,Q1_16,35000,3400,2100,4600,5500.0
Arkansas,Q1_16,13000,1200,90,1500,1900.0
California,Q1_16,1440000,250000,124000,255000,104000.0
Colorado,Q1_16,3500,200,140,1500,1900.0
Connecticut,Q1_16,3900,290,0,870,80.0
Florida,Q1_16,305000,54000,25000,42000,35000.0
Georgia,Q1_16,104000,47000,9500,14500,23000.0
Hawaii,Q1_16,10500,3400,760,380,120.0
Idaho,Q1_16,81000,2600,8000,3700,6500.0
Illinois,Q1_16,6000,2300,390,4200,1300.0
Indiana,Q1_16,9000,490,120,2100,1300.0
Iowa,Q1_16,12500,1700,270,3100,1400.0
Kansas,Q1_16,4600,450,70,1600,670.0
Kentucky,Q1_16,7500,250,0,4100,980.0
Louisiana,Q1_16,51000,3100,6500,8000,1800.0
Maine,Q1_16,3100,20,0,380,3200.0
Maryland,Q1_16,7500,1600,870,4100,370.0
Massachusetts,Q1_16,2900,260,120,1000,320.0
Michigan,Q1_16,16500,7500,2400,11500,9500.0
Minnesota,Q1_16,28000,690,530,3700,12500.0
Mississippi,Q1_16,34000,22000,7500,8500,11000.0
Missouri,Q1_16,12000,220,910,2000,500.0
Montana,Q1_16,8500,1400,1100,2200,4200.0
Nebraska,Q1_16,10000,120,310,2600,4100.0
New Jersey,Q1_16,6000,570,1600,1100,1800.0
New Mexico,Q1_16,7000,190,600,690,1000.0
New York,Q1_16,27000,430,950,6500,1100.0
North Carolina,Q1_16,24000,6000,690,7000,1800.0
North Dakota,Q1_16,57000,1800,530,620,29000.0
Ohio,Q1_16,18000,5000,3300,10500,2100.0
Oklahoma,Q1_16,9500,2600,260,6000,2200.0
Oregon,Q1_16,77000,4300,2400,6500,5500.0
Pennsylvania,Q1_16,14000,360,0,6500,1600.0
South Carolina,Q1_16,17000,2700,1400,2700,950.0
South Dakota,Q1_16,50000,8500,2800,4600,21000.0
Tennessee,Q1_16,9500,1000,190,2000,730.0
Texas,Q1_16,191000,82000,51000,26000,33000.0
Utah,Q1_16,6000,2500,290,3300,3400.0
Vermont,Q1_16,5500,1200,20,700,100.0
Virginia,Q1_16,8000,800,460,2500,270.0
Washington,Q1_16,52000,13500,9000,14000,5000.0
West Virginia,Q1_16,4700,570,60,1800,570.0
Wisconsin,Q1_16,16500,3100,2500,8000,4600.0
Wyoming,Q1_16,5500,2000,1400,2000,3200.0
Other States 5/,Q1_16,3410,870,150,2080,1940.0
United States,Q1_16,2824610,546980,270530,500020,352860.0
Alabama,Q2_16,7500,1900,680,860,1400.0
Arizona,Q2_16,33000,19500,7000,5500,6000.0
Arkansas,Q2_16,13500,11500,5500,1900,9000.0
California,Q2_16,1040000,170000,285000,104000,76000.0
Colorado,Q2_16,12000,6000,3500,1900,4500.0
Connecticut,Q2_16,3000,1100,150,80,50.0
Florida,Q2_16,210000,44000,24000,35000,36000.0
Georgia,Q2_16,114000,25000,19000,23000,13000.0
Hawaii,Q2_16,13500,1100,1200,120,2700.0
Idaho,Q2_16,62000,16500,10500,6500,14000.0
Illinois,Q2_16,9500,6000,1500,1300,1400.0
Indiana,Q2_16,8000,4900,4300,1300,1600.0
Iowa,Q2_16,12500,6500,3100,1400,3000.0
Kansas,Q2_16,6000,2800,420,670,1000.0
Kentucky,Q2_16,7500,3600,1500,980,1300.0
Louisiana,Q2_16,44000,6500,8000,1800,2000.0
Maine,Q2_16,4600,3500,700,3200,450.0
Maryland,Q2_16,8000,2600,710,370,680.0
Massachusetts,Q2_16,4100,940,510,320,560.0
Michigan,Q2_16,58000,13500,5500,9500,7000.0
Minnesota,Q2_16,71000,20000,21000,12500,32000.0
Mississippi,Q2_16,89000,5500,10000,11000,3500.0
Missouri,Q2_16,11500,1900,1800,500,1200.0
Montana,Q2_16,36000,14000,33000,4200,10500.0
Nebraska,Q2_16,29000,15500,4600,4100,6000.0
New Jersey,Q2_16,8500,2100,2900,1800,210.0
New Mexico,Q2_16,6500,1500,330,1000,1600.0
New York,Q2_16,24000,11000,1500,1100,6500.0
North Carolina,Q2_16,19500,5500,3300,1800,2900.0
North Dakota,Q2_16,121000,39000,61000,29000,93000.0
Ohio,Q2_16,17500,10000,6000,2100,1900.0
Oklahoma,Q2_16,25000,5500,2200,2200,230.0
Oregon,Q2_16,82000,14500,9500,5500,8500.0
Pennsylvania,Q2_16,15500,8500,2600,1600,1800.0
South Carolina,Q2_16,17500,1100,2000,950,2000.0
South Dakota,Q2_16,100000,27000,23000,21000,53000.0
Tennessee,Q2_16,7500,3600,920,730,1200.0
Texas,Q2_16,305000,76000,94000,33000,16500.0
Utah,Q2_16,24000,10000,3900,3400,8000.0
Vermont,Q2_16,6000,580,50,100,40.0
Virginia,Q2_16,7500,2100,430,270,680.0
Washington,Q2_16,105000,15000,13000,5000,11500.0
West Virginia,Q2_16,4700,2900,590,570,300.0
Wisconsin,Q2_16,25000,10000,5500,4600,9000.0
Wyoming,Q2_16,12000,7500,5000,3200,2500.0
Other States 5/,Q2_16,8600,4140,1960,1940,900.0
United States,Q2_16,2849500,661860,692850,352860,457100.0
Alabama,Q3_16,8500,160,260,1400,610.0
Arizona,Q3_16,40000,4300,15500,6000,12000.0
Arkansas,Q3_16,23000,500,210,9000,2400.0
California,Q3_16,730000,40000,93000,76000,149000.0
Colorado,Q3_16,29000,1400,1400,4500,2500.0
Connecticut,Q3_16,3700,190,440,50,210.0
Florida,Q3_16,164000,37000,29000,36000,37000.0
Georgia,Q3_16,108000,19500,15500,13000,18000.0
Hawaii,Q3_16,14500,1200,5500,2700,690.0
Idaho,Q3_16,80000,5500,11500,14000,22000.0
Illinois,Q3_16,14000,1300,1100,1400,690.0
Indiana,Q3_16,15000,1400,420,1600,1100.0
Iowa,Q3_16,29000,640,680,3000,4300.0
Kansas,Q3_16,9000,100,160,1000,3400.0
Kentucky,Q3_16,10000,170,550,1300,1100.0
Louisiana,Q3_16,50000,2300,1800,2000,4900.0
Maine,Q3_16,6000,410,140,450,60.0
Maryland,Q3_16,7000,730,70,680,730.0
Massachusetts,Q3_16,7500,290,400,560,260.0
Michigan,Q3_16,89000,3300,3800,7000,9000.0
Minnesota,Q3_16,133000,640,2300,32000,10000.0
Mississippi,Q3_16,23000,260,110,3500,1500.0
Missouri,Q3_16,14000,700,630,1200,690.0
Montana,Q3_16,140000,3200,10000,10500,10000.0
Nebraska,Q3_16,67000,500,6000,6000,7000.0
New Jersey,Q3_16,18500,190,500,210,270.0
New Mexico,Q3_16,6500,1300,650,1600,290.0
New York,Q3_16,44000,4400,7000,6500,4000.0
North Carolina,Q3_16,24000,2500,1100,2900,2200.0
North Dakota,Q3_16,460000,11000,22000,93000,35000.0
Ohio,Q3_16,23000,2300,880,1900,2400.0
Oklahoma,Q3_16,19500,160,190,230,650.0
Oregon,Q3_16,68000,8000,21000,8500,8500.0
Pennsylvania,Q3_16,25000,1800,2400,1800,2500.0
South Carolina,Q3_16,12000,880,580,2000,2200.0
South Dakota,Q3_16,295000,2100,13000,53000,9000.0
Tennessee,Q3_16,10000,500,350,1200,1100.0
Texas,Q3_16,76000,5500,4800,16500,25000.0
Utah,Q3_16,31000,1400,2200,8000,1900.0
Vermont,Q3_16,6000,30,20,40,940.0
Virginia,Q3_16,8000,520,220,680,750.0
Washington,Q3_16,84000,1800,20000,11500,6500.0
West Virginia,Q3_16,7000,300,270,300,610.0
Wisconsin,Q3_16,60000,1300,4300,9000,6500.0
Wyoming,Q3_16,29000,270,440,2500,1300.0
Other States 5/,Q3_16,12180,1050,700,900,1630.0
United States,Q3_16,3132880,172990,303070,457100,412380.0
Alabama,Q4_16,8000,80,60,610,1700.0
Arizona,Q4_16,36000,3000,16000,12000,4700.0
Arkansas,Q4_16,23000,1900,0,2400,5000.0
California,Q4_16,750000,39000,75000,149000,200000.0
Colorado,Q4_16,24000,3400,0,2500,750.0
Connecticut,Q4_16,3200,40,70,210,270.0
Florida,Q4_16,220000,30000,28000,37000,40000.0
Georgia,Q4_16,110000,4400,1900,18000,15500.0
Hawaii,Q4_16,13000,2700,760,690,280.0
Idaho,Q4_16,121000,5500,5500,22000,8500.0
Illinois,Q4_16,14000,0,30,690,1400.0
Indiana,Q4_16,11500,140,0,1100,770.0
Iowa,Q4_16,35000,40,30,4300,2900.0
Kansas,Q4_16,8500,50,20,3400,1100.0
Kentucky,Q4_16,8500,20,10,1100,1300.0
Louisiana,Q4_16,55000,1100,2400,4900,11000.0
Maine,Q4_16,4700,530,20,60,170.0
Maryland,Q4_16,7500,0,0,730,820.0
Massachusetts,Q4_16,4500,30,30,260,370.0
Michigan,Q4_16,67000,210,1600,9000,5000.0
Minnesota,Q4_16,104000,600,40,10000,5500.0
Mississippi,Q4_16,31000,500,230,1500,7500.0
Missouri,Q4_16,13500,30,40,690,1300.0
Montana,Q4_16,116000,1000,80,10000,900.0
Nebraska,Q4_16,72000,10,5500,7000,720.0
New Jersey,Q4_16,8000,20,10,270,1000.0
New Mexico,Q4_16,6000,290,30,290,1700.0
New York,Q4_16,45000,260,10,4000,4200.0
North Carolina,Q4_16,22000,510,70,2200,2600.0
North Dakota,Q4_16,230000,2700,9000,35000,8500.0
Ohio,Q4_16,19000,200,140,2400,2900.0
Oklahoma,Q4_16,5000,290,60,650,3300.0
Oregon,Q4_16,100000,200,1400,8500,2900.0
Pennsylvania,Q4_16,22000,1300,6500,2500,2900.0
South Carolina,Q4_16,10000,640,1000,2200,3500.0
South Dakota,Q4_16,194000,2400,0,9000,10500.0
Tennessee,Q4_16,8500,70,420,1100,1700.0
Texas,Q4_16,125000,13000,2000,25000,30000.0
Utah,Q4_16,28000,120,100,1900,1900.0
Vermont,Q4_16,6500,10,10,940,410.0
Virginia,Q4_16,7500,0,350,750,1100.0
Washington,Q4_16,87000,330,170,6500,13500.0
West Virginia,Q4_16,7000,190,140,610,1700.0
Wisconsin,Q4_16,48000,210,10,6500,3100.0
Wyoming,Q4_16,24000,30,0,1300,340.0
Other States 5/,Q4_16,11360,100,50,1630,900.0
United States,Q4_16,2874760,117150,158790,412380,416100.0
Alabama,Q1_17,7500,2100,90,1700,930.0
Arizona,Q1_17,30000,3500,150,4700,3700.0
Arkansas,Q1_17,27000,5000,1100,5000,3400.0
California,Q1_17,1130000,210000,139000,200000,108000.0
Colorado,Q1_17,5000,1700,10,750,1800.0
Connecticut,Q1_17,2700,70,10,270,100.0
Florida,Q1_17,275000,49000,15500,40000,29000.0
Georgia,Q1_17,100000,36000,3200,15500,11000.0
Hawaii,Q1_17,15000,570,530,280,830.0
Idaho,Q1_17,91000,5500,3300,8500,6000.0
Illinois,Q1_17,8500,860,40,1400,740.0
Indiana,Q1_17,6500,30,0,770,220.0
Iowa,Q1_17,13000,90,0,2900,2400.0
Kansas,Q1_17,5000,1400,100,1100,960.0
Kentucky,Q1_17,6500,390,40,1300,450.0
Louisiana,Q1_17,54000,9500,2600,11000,4300.0
Maine,Q1_17,2200,0,0,170,4200.0
Maryland,Q1_17,7500,1200,10,820,320.0
Massachusetts,Q1_17,3000,1200,140,370,300.0
Michigan,Q1_17,25000,2300,80,5000,7500.0
Minnesota,Q1_17,36000,6000,0,5500,13000.0
Mississippi,Q1_17,21000,48000,25000,7500,3700.0
Missouri,Q1_17,10000,5500,420,1300,770.0
Montana,Q1_17,16500,24000,0,900,7000.0
Nebraska,Q1_17,11000,510,0,720,6000.0
New Jersey,Q1_17,6000,80,20,1000,1500.0
New Mexico,Q1_17,6000,1400,30,1700,1400.0
New York,Q1_17,31000,970,600,4200,4000.0
North Carolina,Q1_17,18500,1100,230,2600,1600.0
North Dakota,Q1_17,89000,4600,0,8500,27000.0
Ohio,Q1_17,16500,760,50,2900,1700.0
Oklahoma,Q1_17,13500,4800,570,3300,310.0
Oregon,Q1_17,68000,3800,1300,2900,4300.0
Pennsylvania,Q1_17,12500,480,170,2900,1300.0
South Carolina,Q1_17,16500,3200,380,3500,1300.0
South Dakota,Q1_17,47000,1600,0,10500,11000.0
Tennessee,Q1_17,9000,180,70,1700,580.0
Texas,Q1_17,240000,126000,49000,30000,36000.0
Utah,Q1_17,12000,1400,50,1900,4800.0
Vermont,Q1_17,5500,0,0,410,20.0
Virginia,Q1_17,6500,560,70,1100,230.0
Washington,Q1_17,77000,5500,1200,13500,6000.0
West Virginia,Q1_17,6500,0,0,1700,990.0
Wisconsin,Q1_17,20000,530,0,3100,5500.0
Wyoming,Q1_17,2700,440,0,340,2600.0
Other States 5/,Q1_17,7340,60,0,900,1070.0
United States,Q1_17,2619940,571880,245060,416100,329820.0
Alabama,Q2_17,8000,1200,690,930,1200.0
Arizona,Q2_17,22000,14000,1600,3700,6000.0
Arkansas,Q2_17,24000,12000,1600,3400,1500.0
California,Q2_17,1110000,240000,185000,108000,82000.0
Colorado,Q2_17,9500,9000,680,1800,6500.0
Connecticut,Q2_17,2500,390,60,100,270.0
Florida,Q2_17,240000,43000,21000,29000,25000.0
Georgia,Q2_17,108000,17500,3600,11000,13000.0
Hawaii,Q2_17,13500,870,0,830,600.0
Idaho,Q2_17,60000,19000,5500,6000,13000.0
Illinois,Q2_17,9000,2200,380,740,1300.0
Indiana,Q2_17,4300,2700,900,220,600.0
Iowa,Q2_17,10500,26000,760,2400,5500.0
Kansas,Q2_17,4700,3000,900,960,2600.0
Kentucky,Q2_17,5500,2100,270,450,1000.0
Louisiana,Q2_17,52000,10000,9500,4300,7000.0
Maine,Q2_17,3600,510,560,4200,420.0
Maryland,Q2_17,8000,2800,400,320,200.0
Massachusetts,Q2_17,4200,1100,440,300,530.0
Michigan,Q2_17,40000,13500,3200,7500,15000.0
Minnesota,Q2_17,27000,24000,4200,13000,26000.0
Mississippi,Q2_17,85000,9000,61000,3700,3300.0
Missouri,Q2_17,12000,1800,730,770,650.0
Montana,Q2_17,62000,25000,13500,7000,11500.0
Nebraska,Q2_17,19500,8000,28000,6000,8500.0
New Jersey,Q2_17,4200,1900,110,1500,270.0
New Mexico,Q2_17,6500,2700,100,1400,1100.0
New York,Q2_17,31000,13500,1500,4000,10000.0
North Carolina,Q2_17,23000,10000,550,1600,1400.0
North Dakota,Q2_17,110000,23000,95000,27000,71000.0
Ohio,Q2_17,14000,6000,1100,1700,1600.0
Oklahoma,Q2_17,12000,4000,10000,310,560.0
Oregon,Q2_17,77000,19000,16000,4300,7500.0
Pennsylvania,Q2_17,11000,6500,1100,1300,1300.0
South Carolina,Q2_17,12500,2200,410,1300,920.0
South Dakota,Q2_17,51000,15000,13000,11000,25000.0
Tennessee,Q2_17,8000,3900,200,580,950.0
Texas,Q2_17,340000,74000,54000,36000,12000.0
Utah,Q2_17,14500,12000,7000,4800,3200.0
Vermont,Q2_17,5000,480,30,20,400.0
Virginia,Q2_17,6000,2200,480,230,810.0
Washington,Q2_17,91000,21000,11500,6000,5000.0
West Virginia,Q2_17,7000,2600,160,990,190.0
Wisconsin,Q2_17,18500,17500,3600,5500,12000.0
Wyoming,Q2_17,6500,7500,580,2600,7000.0
Other States 5/,Q2_17,7970,3270,270,1070,1920.0
United States,Q2_17,2801470,736920,561160,329820,397290.0
Alabama,Q3_17,8000,440,50,1200,610.0
Arizona,Q3_17,30000,3200,2600,6000,6500.0
Arkansas,Q3_17,32000,270,60,1500,2500.0
California,Q3_17,740000,33000,78000,82000,205000.0
Colorado,Q3_17,33000,1100,740,6500,4500.0
Connecticut,Q3_17,3100,890,180,270,240.0
Florida,Q3_17,200000,62000,14500,25000,41000.0
Georgia,Q3_17,102000,12500,2300,13000,11000.0
Hawaii,Q3_17,13500,430,820,600,970.0
Idaho,Q3_17,79000,1900,2800,13000,15500.0
Illinois,Q3_17,11000,850,310,1300,720.0
Indiana,Q3_17,9500,450,550,600,1200.0
Iowa,Q3_17,50000,10500,2400,5500,4700.0
Kansas,Q3_17,8000,310,190,2600,1300.0
Kentucky,Q3_17,7500,900,230,1000,950.0
Louisiana,Q3_17,51000,2600,2100,7000,2000.0
Maine,Q3_17,5500,240,140,420,280.0
Maryland,Q3_17,7000,400,20,200,500.0
Massachusetts,Q3_17,9500,450,40,530,740.0
Michigan,Q3_17,108000,11000,9500,15000,12500.0
Minnesota,Q3_17,132000,1300,1900,26000,13500.0
Mississippi,Q3_17,19000,750,740,3300,2400.0
Missouri,Q3_17,13500,480,170,650,590.0
Montana,Q3_17,147000,4100,6500,11500,16000.0
Nebraska,Q3_17,45000,390,27000,8500,4300.0
New Jersey,Q3_17,18000,120,80,270,340.0
New Mexico,Q3_17,6500,2000,1000,1100,1600.0
New York,Q3_17,56000,1900,800,10000,9000.0
North Carolina,Q3_17,25000,1400,1200,1400,5500.0
North Dakota,Q3_17,510000,25000,104000,71000,44000.0
Ohio,Q3_17,21000,980,630,1600,2100.0
Oklahoma,Q3_17,3700,30,30,560,2700.0
Oregon,Q3_17,107000,2900,4300,7500,9500.0
Pennsylvania,Q3_17,19000,680,780,1300,3100.0
South Carolina,Q3_17,13000,990,50,920,1300.0
South Dakota,Q3_17,178000,4200,9500,25000,11000.0
Tennessee,Q3_17,10000,340,290,950,840.0
Texas,Q3_17,129000,12500,810,12000,39000.0
Utah,Q3_17,27000,1200,120,3200,1600.0
Vermont,Q3_17,6500,170,50,400,260.0
Virginia,Q3_17,8000,460,360,810,730.0
Washington,Q3_17,57000,7500,2000,5000,9000.0
West Virginia,Q3_17,7500,130,220,190,1000.0
Wisconsin,Q3_17,71000,880,640,12000,7500.0
Wyoming,Q3_17,32000,1800,1000,7000,2200.0
Other States 5/,Q3_17,11880,1690,430,1920,580.0
United States,Q3_17,3181180,217320,282130,397290,502350.0
Alabama,Q4_17,7000,50,10,610,1600.0
Arizona,Q4_17,29000,4600,3100,6500,6000.0
Arkansas,Q4_17,28000,20,10,2500,3500.0
California,Q4_17,770000,40000,35000,205000,195000.0
Colorado,Q4_17,30000,2500,0,4500,1100.0
Connecticut,Q4_17,3100,0,0,240,380.0
Florida,Q4_17,255000,31000,11500,41000,30000.0
Georgia,Q4_17,96000,12000,450,11000,14000.0
Hawaii,Q4_17,13500,60,840,970,190.0
Idaho,Q4_17,121000,5000,420,15500,8500.0
Illinois,Q4_17,9000,0,0,720,2900.0
Indiana,Q4_17,7500,20,0,1200,1900.0
Iowa,Q4_17,54000,0,20,4700,3000.0
Kansas,Q4_17,5000,200,0,1300,1000.0
Kentucky,Q4_17,7500,60,80,950,1300.0
Louisiana,Q4_17,48000,250,340,2000,2700.0
Maine,Q4_17,3500,0,0,280,1000.0
Maryland,Q4_17,7500,20,30,500,2100.0
Massachusetts,Q4_17,8000,0,0,740,1500.0
Michigan,Q4_17,101000,10,130,12500,5000.0
Minnesota,Q4_17,113000,0,0,13500,3500.0
Mississippi,Q4_17,17500,330,60,2400,2600.0
Missouri,Q4_17,9000,1400,640,590,1200.0
Montana,Q4_17,124000,2700,0,16000,470.0
Nebraska,Q4_17,37000,190,0,4300,750.0
New Jersey,Q4_17,12000,400,0,340,490.0
New Mexico,Q4_17,7000,1100,20,1600,2100.0
New York,Q4_17,48000,240,130,9000,6000.0
North Carolina,Q4_17,25000,220,50,5500,2500.0
North Dakota,Q4_17,385000,13500,2500,44000,640.0
Ohio,Q4_17,19500,20,140,2100,4400.0
Oklahoma,Q4_17,3100,120,30,2700,550.0
Oregon,Q4_17,98000,1500,1000,9500,8000.0
Pennsylvania,Q4_17,21000,120,180,3100,4000.0
South Carolina,Q4_17,12000,760,370,1300,1600.0
South Dakota,Q4_17,146000,0,2400,11000,2700.0
Tennessee,Q4_17,9000,120,10,840,1600.0
Texas,Q4_17,136000,2200,650,39000,49000.0
Utah,Q4_17,30000,440,50,1600,2700.0
Vermont,Q4_17,6500,20,10,260,440.0
Virginia,Q4_17,7000,230,10,730,1400.0
Washington,Q4_17,65000,3100,130,9000,9000.0
West Virginia,Q4_17,7500,80,60,1000,800.0
Wisconsin,Q4_17,59000,10,20,7500,4400.0
Wyoming,Q4_17,25000,50,0,2200,3600.0
Other States 5/,Q4_17,6360,20,0,580,1540.0
United States,Q4_17,3032060,124660,60390,502350,398650.0
Alabama,Q1_18,7000,570,740,1600,440.0
Arizona,Q1_18,31000,2900,0,6000,2600.0
Arkansas,Q1_18,18000,430,230,3500,1900.0
California,Q1_18,1170000,137000,93000,195000,90000.0
Colorado,Q1_18,9500,100,0,1100,4500.0
Connecticut,Q1_18,3100,100,110,380,140.0
Florida,Q1_18,260000,78000,34000,30000,35000.0
Georgia,Q1_18,123000,25000,21000,14000,12500.0
Hawaii,Q1_18,13000,510,50,190,70.0
Idaho,Q1_18,95000,2000,280,8500,10500.0
Illinois,Q1_18,11000,3100,150,2900,1200.0
Indiana,Q1_18,7000,1700,70,1900,1200.0
Iowa,Q1_18,10000,70,0,3000,2400.0
Kansas,Q1_18,3800,930,380,1000,390.0
Kentucky,Q1_18,6500,950,430,1300,900.0
Louisiana,Q1_18,44000,11000,1900,2700,2600.0
Maine,Q1_18,2700,100,0,1000,910.0
Maryland,Q1_18,9000,770,260,2100,190.0
Massachusetts,Q1_18,3300,120,110,1500,140.0
Michigan,Q1_18,29000,600,130,5000,7500.0
Minnesota,Q1_18,27000,3300,0,3500,12000.0
Mississippi,Q1_18,31000,23000,7000,2600,3800.0
Missouri,Q1_18,7000,400,10,1200,270.0
Montana,Q1_18,18500,3100,6000,470,3700.0
Nebraska,Q1_18,7500,120,0,750,1500.0
New Jersey,Q1_18,6000,10,0,490,430.0
New Mexico,Q1_18,5500,3600,0,2100,1800.0
New York,Q1_18,32000,520,0,6000,1300.0
North Carolina,Q1_18,16000,3700,1200,2500,3000.0
North Dakota,Q1_18,50000,1100,10,640,16000.0
Ohio,Q1_18,15500,1300,530,4400,1100.0
Oklahoma,Q1_18,26000,9500,1700,550,200.0
Oregon,Q1_18,71000,7500,1400,8000,5000.0
Pennsylvania,Q1_18,17000,810,390,4000,540.0
South Carolina,Q1_18,17000,4700,970,1600,870.0
South Dakota,Q1_18,21000,1500,440,2700,13000.0
Tennessee,Q1_18,8500,1500,160,1600,1300.0
Texas,Q1_18,275000,130000,68000,49000,28000.0
Utah,Q1_18,16000,3900,60,2700,2700.0
Vermont,Q1_18,6500,0,0,440,170.0
Virginia,Q1_18,8000,1900,280,1400,1000.0
Washington,Q1_18,68000,8500,0,9000,7000.0
West Virginia,Q1_18,5500,450,100,800,370.0
Wisconsin,Q1_18,17000,450,70,4400,4000.0
Wyoming,Q1_18,6500,1300,0,3600,1300.0
Other States 5/,Q1_18,6190,130,50,1540,160.0
United States,Q1_18,2641090,478240,241210,398650,285590.0
Alabama,Q2_18,6500,1200,500,440,900.0
Arizona,Q2_18,22000,12500,3000,2600,4100.0
Arkansas,Q2_18,17000,6000,1300,1900,6000.0
California,Q2_18,980000,160000,220000,90000,67000.0
Colorado,Q2_18,16500,8000,7500,4500,4300.0
Connecticut,Q2_18,3000,2200,350,140,130.0
Florida,Q2_18,245000,40000,50000,35000,39000.0
Georgia,Q2_18,130000,21000,31000,12500,15500.0
Hawaii,Q2_18,12000,3000,920,70,1100.0
Idaho,Q2_18,61000,22000,31000,10500,12000.0
Illinois,Q2_18,11500,3600,1600,1200,1100.0
Indiana,Q2_18,7500,3000,510,1200,930.0
Iowa,Q2_18,12000,23000,3900,2400,2200.0
Kansas,Q2_18,3800,2500,870,390,1700.0
Kentucky,Q2_18,7000,3100,590,900,1600.0
Louisiana,Q2_18,56000,4100,8000,2600,13500.0
Maine,Q2_18,2200,1100,1400,910,400.0
Maryland,Q2_18,8000,3400,930,190,1600.0
Massachusetts,Q2_18,2500,1400,490,140,760.0
Michigan,Q2_18,55000,20000,13500,7500,17500.0
Minnesota,Q2_18,32000,19000,8500,12000,20000.0
Mississippi,Q2_18,89000,5500,26000,3800,2900.0
Missouri,Q2_18,6500,1800,1000,270,580.0
Montana,Q2_18,47000,18000,18000,3700,18500.0
Nebraska,Q2_18,7500,7000,27000,1500,3700.0
New Jersey,Q2_18,5500,1900,660,430,420.0
New Mexico,Q2_18,7000,3300,3900,1800,2500.0
New York,Q2_18,25000,16500,7500,1300,6500.0
North Carolina,Q2_18,24000,5000,2700,3000,3300.0
North Dakota,Q2_18,115000,31000,41000,16000,48000.0
Ohio,Q2_18,13500,7000,2500,1100,1800.0
Oklahoma,Q2_18,17000,4700,1200,200,510.0
Oregon,Q2_18,71000,15500,22000,5000,13500.0
Pennsylvania,Q2_18,15500,7500,2300,540,1500.0
South Carolina,Q2_18,20000,3000,3700,870,1700.0
South Dakota,Q2_18,30000,10000,23000,13000,16500.0
Tennessee,Q2_18,8500,2600,1500,1300,1700.0
Texas,Q2_18,345000,43000,148000,28000,15000.0
Utah,Q2_18,21000,12500,10000,2700,6500.0
Vermont,Q2_18,6000,390,190,170,180.0
Virginia,Q2_18,8500,3100,1100,1000,1200.0
Washington,Q2_18,75000,30000,20000,7000,17000.0
West Virginia,Q2_18,7500,4100,2500,370,930.0
Wisconsin,Q2_18,18000,13000,6500,4000,12500.0
Wyoming,Q2_18,15000,6000,3500,1300,5500.0
Other States 5/,Q2_18,5650,870,940,160,1070.0
United States,Q2_18,2694150,613360,762550,285590,394810.0
Alabama,Q3_18,7000,690,530,900,990.0
Arizona,Q3_18,26000,5000,3200,4100,6500.0
Arkansas,Q3_18,29000,4400,410,6000,7500.0
California,Q3_18,590000,73000,74000,67000,155000.0
Colorado,Q3_18,35000,2900,6410,4300,7000.0
Connecticut,Q3_18,3500,50,20,130,330.0
Florida,Q3_18,176000,39000,42000,39000,50000.0
Georgia,Q3_18,121000,19000,23000,15500,21000.0
Hawaii,Q3_18,15000,430,20,1100,130.0
Idaho,Q3_18,89000,9000,16500,12000,9000.0
Illinois,Q3_18,13000,710,1200,1100,1800.0
Indiana,Q3_18,13000,420,740,930,1700.0
Iowa,Q3_18,40000,2100,4000,2200,6500.0
Kansas,Q3_18,7000,1400,1000,1700,830.0
Kentucky,Q3_18,9000,450,700,1600,870.0
Louisiana,Q3_18,64000,14500,34000,13500,2700.0
Maine,Q3_18,5500,210,290,400,60.0
Maryland,Q3_18,8500,1300,600,1600,1300.0
Massachusetts,Q3_18,9000,790,460,760,1100.0
Michigan,Q3_18,103000,4300,11500,17500,11500.0
Minnesota,Q3_18,136000,1900,2200,20000,7000.0
Mississippi,Q3_18,24000,250,230,2900,3400.0
Missouri,Q3_18,9000,320,310,580,820.0
Montana,Q3_18,154000,3100,23000,18500,13000.0
Nebraska,Q3_18,46000,880,13500,3700,7500.0
New Jersey,Q3_18,16000,280,110,420,1200.0
New Mexico,Q3_18,8500,1800,200,2500,1900.0
New York,Q3_18,59000,3100,9000,6500,3900.0
North Carolina,Q3_18,26000,4100,2900,3300,5000.0
North Dakota,Q3_18,470000,24000,100000,48000,26000.0
Ohio,Q3_18,23000,1100,1800,1800,2800.0
Oklahoma,Q3_18,4400,80,270,510,100.0
Oregon,Q3_18,94000,7500,28000,13500,10000.0
Pennsylvania,Q3_18,18500,6000,1600,1500,5500.0
South Carolina,Q3_18,14500,640,440,1700,2000.0
South Dakota,Q3_18,152000,6000,7500,16500,6500.0
Tennessee,Q3_18,10000,800,960,1700,1300.0
Texas,Q3_18,104000,21000,7500,15000,20000.0
Utah,Q3_18,35000,5500,3200,6500,2000.0
Vermont,Q3_18,7500,520,270,180,470.0
Virginia,Q3_18,11500,430,430,1200,1100.0
Washington,Q3_18,82000,5500,10500,17000,4000.0
West Virginia,Q3_18,9000,440,1900,930,1200.0
Wisconsin,Q3_18,74000,6000,9000,12500,8500.0
Wyoming,Q3_18,35000,3100,3500,5500,3500.0
Other States 5/,Q3_18,8100,380,650,1070,360.0
United States,Q3_18,2994500,284370,449550,394810,424860.0
Alabama,Q4_18,7500,550,500,990,820.0
Arizona,Q4_18,27000,1300,1100,6500,6000.0
Arkansas,Q4_18,25000,2500,440,7500,7500.0
California,Q4_18,680000,90000,104000,155000,215000.0
Colorado,Q4_18,34000,1500,4000,7000,4900.0
Connecticut,Q4_18,4000,190,110,330,140.0
Florida,Q4_18,180000,55000,36000,50000,39000.0
Georgia,Q4_18,125000,4300,2200,21000,25000.0
Hawaii,Q4_18,15000,970,290,130,1600.0
Idaho,Q4_18,113000,10000,5000,9000,22000.0
Illinois,Q4_18,13500,140,460,1800,2400.0
Indiana,Q4_18,11500,320,100,1700,1000.0
Iowa,Q4_18,45000,250,3400,6500,2100.0
Kansas,Q4_18,6500,140,40,830,950.0
Kentucky,Q4_18,7500,50,120,870,1200.0
Louisiana,Q4_18,58000,390,1900,2700,3600.0
Maine,Q4_18,5500,220,110,60,410.0
Maryland,Q4_18,8000,20,410,1300,1600.0
Massachusetts,Q4_18,6000,120,550,1100,1000.0
Michigan,Q4_18,88000,990,1900,11500,7000.0
Minnesota,Q4_18,98000,1900,450,7000,3900.0
Mississippi,Q4_18,14000,280,830,3400,2000.0
Missouri,Q4_18,9500,100,230,820,1400.0
Montana,Q4_18,115000,5500,2900,13000,140.0
Nebraska,Q4_18,42000,80,50,7500,430.0
New Jersey,Q4_18,15500,330,270,1200,730.0
New Mexico,Q4_18,8000,1700,0,1900,3900.0
New York,Q4_18,51000,820,460,3900,3700.0
North Carolina,Q4_18,23000,60,290,5000,4200.0
North Dakota,Q4_18,410000,10000,2900,26000,3200.0
Ohio,Q4_18,18500,510,960,2800,4500.0
Oklahoma,Q4_18,3700,40,0,100,3700.0
Oregon,Q4_18,94000,70,18500,10000,4800.0
Pennsylvania,Q4_18,24000,2500,1100,5500,3300.0
South Carolina,Q4_18,12500,1300,750,2000,1800.0
South Dakota,Q4_18,111000,0,0,6500,390.0
Tennessee,Q4_18,8500,230,320,1300,3400.0
Texas,Q4_18,127000,3200,1900,20000,32000.0
Utah,Q4_18,29000,480,70,2000,620.0
Vermont,Q4_18,6500,10,10,470,810.0
Virginia,Q4_18,9500,300,210,1100,2100.0
Washington,Q4_18,66000,2900,14000,4000,4600.0
West Virginia,Q4_18,8500,70,1600,1200,2500.0
Wisconsin,Q4_18,51000,530,3000,8500,4600.0
Wyoming,Q4_18,28000,2500,320,3500,220.0
Other States 5/,Q4_18,6070,150,240,360,1870.0
United States,Q4_18,2849770,204510,213990,424860,438030.0
Alabama,Q1_19,7500,1200,1500,820,650.0
Arizona,Q1_19,25000,810,230,6000,2600.0
Arkansas,Q1_19,22000,540,810,7500,2000.0
California,Q1_19,1150000,205000,133000,215000,110000.0
Colorado,Q1_19,13000,1400,190,4900,3000.0
Connecticut,Q1_19,2900,220,330,140,120.0
Florida,Q1_19,245000,57000,38000,39000,56000.0
Georgia,Q1_19,134000,29000,39000,25000,18000.0
Hawaii,Q1_19,17000,1200,5000,1600,380.0
Idaho,Q1_19,164000,2500,2600,22000,6500.0
Illinois,Q1_19,10500,1000,630,2400,2300.0
Indiana,Q1_19,7000,300,30,1000,1800.0
Iowa,Q1_19,41000,270,110,2100,4300.0
Kansas,Q1_19,3700,370,410,950,300.0
Kentucky,Q1_19,5500,760,20,1200,910.0
Louisiana,Q1_19,50000,4100,320,3600,1400.0
Maine,Q1_19,1900,20,30,410,3100.0
Maryland,Q1_19,8000,400,190,1600,370.0
Massachusetts,Q1_19,3700,240,290,1000,260.0
Michigan,Q1_19,16500,4000,3900,7000,7500.0
Minnesota,Q1_19,39000,8000,2900,3900,8500.0
Mississippi,Q1_19,19000,28000,5500,2000,3400.0
Missouri,Q1_19,8000,1400,50,1400,390.0
Montana,Q1_19,35000,840,0,140,5500.0
Nebraska,Q1_19,6500,0,0,430,2100.0
New Jersey,Q1_19,6500,180,190,730,270.0
New Mexico,Q1_19,7500,180,0,3900,50.0
New York,Q1_19,26000,400,170,3700,2700.0
North Carolina,Q1_19,18500,2400,260,4200,2500.0
North Dakota,Q1_19,66000,2600,10,3200,23000.0
Ohio,Q1_19,12000,300,580,4500,1500.0
Oklahoma,Q1_19,17000,890,240,3700,1700.0
Oregon,Q1_19,81000,16500,3900,4800,3400.0
Pennsylvania,Q1_19,14500,1200,670,3300,1100.0
South Carolina,Q1_19,13500,1900,2800,1800,1300.0
South Dakota,Q1_19,23000,250,90,390,17000.0
Tennessee,Q1_19,10000,540,470,3400,1200.0
Texas,Q1_19,205000,124000,42000,32000,38000.0
Utah,Q1_19,7500,490,50,620,1900.0
Vermont,Q1_19,5500,20,0,810,520.0
Virginia,Q1_19,7000,540,160,2100,500.0
Washington,Q1_19,44000,7000,870,4600,7500.0
West Virginia,Q1_19,4700,330,60,2500,570.0
Wisconsin,Q1_19,21000,2800,1600,4600,6500.0
Wyoming,Q1_19,5500,70,0,220,2300.0
Other States 5/,Q1_19,3820,160,40,1870,380.0
United States,Q1_19,2635220,511320,289200,438030,355270.0
Alabama,Q2_19,7000,1700,710,650,1700.0
Arizona,Q2_19,19000,14000,2100,2600,8000.0
Arkansas,Q2_19,14500,13000,1900,2000,2300.0
California,Q2_19,1130000,172000,255000,110000,73000.0
Colorado,Q2_19,16500,12500,4700,3000,5000.0
Connecticut,Q2_19,3600,340,170,120,130.0
Florida,Q2_19,250000,49000,68000,56000,30000.0
Georgia,Q2_19,131000,35000,16000,18000,17000.0
Hawaii,Q2_19,16500,330,3100,380,1800.0
Idaho,Q2_19,59000,14500,29000,6500,14000.0
Illinois,Q2_19,10000,5000,2900,2300,660.0
Indiana,Q2_19,8000,4000,730,1800,990.0
Iowa,Q2_19,45000,15500,4800,4300,3600.0
Kansas,Q2_19,3900,3500,2100,300,950.0
Kentucky,Q2_19,5500,1500,560,910,840.0
Louisiana,Q2_19,48000,4900,4000,1400,1900.0
Maine,Q2_19,2200,430,790,3100,890.0
Maryland,Q2_19,7000,2400,1200,370,360.0
Massachusetts,Q2_19,3500,910,350,260,2200.0
Michigan,Q2_19,37000,23000,8500,7500,8000.0
Minnesota,Q2_19,69000,42000,25000,8500,29000.0
Mississippi,Q2_19,50000,4000,7000,3400,2900.0
Missouri,Q2_19,7000,2100,800,390,540.0
Montana,Q2_19,50000,17000,22000,5500,18500.0
Nebraska,Q2_19,10500,4000,900,2100,6500.0
New Jersey,Q2_19,4400,1300,170,270,320.0
New Mexico,Q2_19,1900,1700,450,50,1200.0
New York,Q2_19,20000,11000,2400,2700,3900.0
North Carolina,Q2_19,16000,4100,800,2500,2200.0
North Dakota,Q2_19,74000,23000,64000,23000,59000.0
Ohio,Q2_19,11000,9000,2100,1500,1300.0
Oklahoma,Q2_19,15500,10500,6500,1700,370.0
Oregon,Q2_19,41000,17500,24000,3400,13000.0
Pennsylvania,Q2_19,15500,6000,1600,1100,860.0
South Carolina,Q2_19,14000,2600,4000,1300,1400.0
South Dakota,Q2_19,10000,12500,65000,17000,22000.0
Tennessee,Q2_19,8000,3800,1300,1200,900.0
Texas,Q2_19,305000,79000,71000,38000,7500.0
Utah,Q2_19,14500,9500,4100,1900,4400.0
Vermont,Q2_19,5500,2600,140,520,90.0
Virginia,Q2_19,5000,2600,700,500,610.0
Washington,Q2_19,55000,15500,19000,7500,12000.0
West Virginia,Q2_19,7000,2300,550,570,520.0
Wisconsin,Q2_19,26000,12000,7000,6500,10000.0
Wyoming,Q2_19,8500,5500,2200,2300,3900.0
Other States 5/,Q2_19,4380,1750,1030,380,890.0
United States,Q2_19,2665880,676360,740350,355270,377120.0
Alabama,Q3_19,8500,1600,1300,1700,830.0
Arizona,Q3_19,31000,3200,3100,8000,5000.0
Arkansas,Q3_19,29000,2600,840,2300,6000.0
California,Q3_19,590000,63000,141000,73000,170000.0
Colorado,Q3_19,34000,1500,5000,5000,3500.0
Connecticut,Q3_19,3200,80,310,130,220.0
Florida,Q3_19,197000,53000,40000,30000,43000.0
Georgia,Q3_19,134000,27000,33000,17000,19500.0
Hawaii,Q3_19,16500,1700,3000,1800,940.0
Idaho,Q3_19,82000,15000,21000,14000,15000.0
Illinois,Q3_19,11000,700,420,660,1400.0
Indiana,Q3_19,11500,520,1200,990,3300.0
Iowa,Q3_19,56000,1200,990,3600,4200.0
Kansas,Q3_19,6000,300,180,950,1000.0
Kentucky,Q3_19,6500,300,660,840,2000.0
Louisiana,Q3_19,53000,1600,2300,1900,2600.0
Maine,Q3_19,12500,60,170,890,1400.0
Maryland,Q3_19,7500,580,680,360,690.0
Massachusetts,Q3_19,8000,850,730,2200,650.0
Michigan,Q3_19,88000,3000,22000,8000,6000.0
Minnesota,Q3_19,121000,1600,6500,29000,11500.0
Mississippi,Q3_19,16500,110,650,2900,2000.0
Missouri,Q3_19,10000,260,410,540,880.0
Montana,Q3_19,145000,3100,22000,18500,5500.0
Nebraska,Q3_19,52000,8500,5000,6500,5000.0
New Jersey,Q3_19,14000,250,220,320,1300.0
New Mexico,Q3_19,6000,3800,1000,1200,3000.0
New York,Q3_19,55000,3600,3700,3900,4400.0
North Carolina,Q3_19,18000,2600,2000,2200,2700.0
North Dakota,Q3_19,455000,23000,14500,59000,29000.0
Ohio,Q3_19,16000,1300,2100,1300,2100.0
Oklahoma,Q3_19,2100,20,10,370,2500.0
Oregon,Q3_19,116000,3000,49000,13000,13000.0
Pennsylvania,Q3_19,20000,2900,2300,860,4000.0
South Carolina,Q3_19,9500,670,1100,1400,1500.0
South Dakota,Q3_19,168000,8000,6500,22000,21000.0
Tennessee,Q3_19,9000,540,1000,900,1900.0
Texas,Q3_19,112000,7500,9500,7500,17000.0
Utah,Q3_19,30000,970,1400,4400,3400.0
Vermont,Q3_19,7000,1200,80,90,170.0
Virginia,Q3_19,7500,1000,990,610,1100.0
Washington,Q3_19,76000,7000,3600,12000,11000.0
West Virginia,Q3_19,7500,170,1200,520,1200.0
Wisconsin,Q3_19,61000,2400,3800,10000,8500.0
Wyoming,Q3_19,33000,1800,3900,3900,2700.0
Other States 5/,Q3_19,6490,480,440,890,1150.0
United States,Q3_19,2958790,263560,420780,377120,444730.0
Alabama,Q4_19,6500,210,1300,830,
Arizona,Q4_19,26000,2200,330,5000,
Arkansas,Q4_19,30000,110,230,6000,
California,Q4_19,680000,86000,46000,170000,
Colorado,Q4_19,30000,370,10,3500,
Connecticut,Q4_19,3500,0,60,220,
Florida,Q4_19,240000,53000,20000,43000,
Georgia,Q4_19,148000,6500,49000,19500,
Hawaii,Q4_19,16000,1700,6000,940,
Idaho,Q4_19,99000,9000,910,15000,
Illinois,Q4_19,12000,600,350,1400,
Indiana,Q4_19,9000,40,1200,3300,
Iowa,Q4_19,21000,630,80,4200,
Kansas,Q4_19,5500,420,10,1000,
Kentucky,Q4_19,7000,60,430,2000,
Louisiana,Q4_19,50000,130,200,2600,
Maine,Q4_19,12000,210,880,1400,
Maryland,Q4_19,7000,60,90,690,
Massachusetts,Q4_19,4900,110,320,650,
Michigan,Q4_19,77000,3900,1800,6000,
Minnesota,Q4_19,84000,2500,590,11500,
Mississippi,Q4_19,14500,330,50,2000,
Missouri,Q4_19,10000,170,150,880,
Montana,Q4_19,98000,3100,500,5500,
Nebraska,Q4_19,45000,7000,840,5000,
New Jersey,Q4_19,15500,30,80,1300,
New Mexico,Q4_19,8000,50,0,3000,
New York,Q4_19,53000,1000,1500,4400,
North Carolina,Q4_19,16000,250,300,2700,
North Dakota,Q4_19,430000,7500,1500,29000,
Ohio,Q4_19,15500,170,450,2100,
Oklahoma,Q4_19,2200,60,20,2500,
Oregon,Q4_19,89000,10500,12000,13000,
Pennsylvania,Q4_19,21000,270,1500,4000,
South Carolina,Q4_19,10000,770,790,1500,
South Dakota,Q4_19,140000,2000,430,21000,
Tennessee,Q4_19,8000,30,370,1900,
Texas,Q4_19,116000,11000,70,17000,
Utah,Q4_19,27000,180,400,3400,
Vermont,Q4_19,6500,10,20,170,
Virginia,Q4_19,7000,80,1300,1100,
Washington,Q4_19,75000,5500,1400,11000,
West Virginia,Q4_19,7000,50,70,1200,
Wisconsin,Q4_19,48000,1600,530,8500,
Wyoming,Q4_19,30000,220,0,2700,
Other States 5/,Q4_19,8370,20,500,1150,
United States,Q4_19,2868970,219640,154560,444730,
