State,Quarter,Starting,Added,Renovated,Lost
Alabama,Q1_16,7000,2800,250,1800
Arizona,Q1_16,35000,3400,2100,4600
Arkansas,Q1_16,13000,1200,90,1500
California,Q1_16,1440000,250000,124000,255000
Colorado,Q1_16,3500,200,140,1500
Connecticut,Q1_16,3900,290,0,870
Florida,Q1_16,305000,54000,25000,42000
Georgia,Q1_16,104000,47000,9500,14500
Hawaii,Q1_16,10500,3400,760,380
Idaho,Q1_16,81000,2600,8000,3700
Illinois,Q1_16,6000,2300,390,4200
Indiana,Q1_16,9000,490,120,2100
Iowa,Q1_16,12500,1700,270,3100
Kansas,Q1_16,4600,450,70,1600
Kentucky,Q1_16,7500,250,0,4100
Louisiana,Q1_16,51000,3100,6500,8000
Maine,Q1_16,3100,20,0,380
Maryland,Q1_16,7500,1600,870,4100
Massachusetts,Q1_16,2900,260,120,1000
Michigan,Q1_16,16500,7500,2400,11500
Minnesota,Q1_16,28000,690,530,3700
Mississippi,Q1_16,34000,22000,7500,8500
Missouri,Q1_16,12000,220,910,2000
Montana,Q1_16,8500,1400,1100,2200
Nebraska,Q1_16,10000,120,310,2600
New Jersey,Q1_16,6000,570,1600,1100
New Mexico,Q1_16,7000,190,600,690
New York,Q1_16,27000,430,950,6500
North Carolina,Q1_16,24000,6000,690,7000
North Dakota,Q1_16,57000,1800,530,620
Ohio,Q1_16,18000,5000,3300,10500
Oklahoma,Q1_16,9500,2600,260,6000
Oregon,Q1_16,77000,4300,2400,6500
Pennsylvania,Q1_16,14000,360,0,6500
South Carolina,Q1_16,17000,2700,1400,2700
South Dakota,Q1_16,50000,8500,2800,4600
Tennessee,Q1_16,9500,1000,190,2000
Texas,Q1_16,191000,82000,51000,26000
Utah,Q1_16,6000,2500,290,3300
Vermont,Q1_16,5500,1200,20,700
Virginia,Q1_16,8000,800,460,2500
Washington,Q1_16,52000,13500,9000,14000
West Virginia,Q1_16,4700,570,60,1800
Wisconsin,Q1_16,16500,3100,2500,8000
Wyoming,Q1_16,5500,2000,1400,2000
Other States 5/,Q1_16,3410,870,150,2080
United States,Q1_16,2824610,546980,270530,500020
Alabama,Q2_16,7500,1900,680,860
Arizona,Q2_16,33000,19500,7000,5500
Arkansas,Q2_16,13500,11500,5500,1900
California,Q2_16,1040000,170000,285000,104000
Colorado,Q2_16,12000,6000,3500,1900
Connecticut,Q2_16,3000,1100,150,80
Florida,Q2_16,210000,44000,24000,35000
Georgia,Q2_16,114000,25000,19000,23000
Hawaii,Q2_16,13500,1100,1200,120
Idaho,Q2_16,62000,16500,10500,6500
Illinois,Q2_16,9500,6000,1500,1300
Indiana,Q2_16,8000,4900,4300,1300
Iowa,Q2_16,12500,6500,3100,1400
Kansas,Q2_16,6000,2800,420,670
Kentucky,Q2_16,7500,3600,1500,980
Louisiana,Q2_16,44000,6500,8000,1800
Maine,Q2_16,4600,3500,700,3200
Maryland,Q2_16,8000,2600,710,370
Massachusetts,Q2_16,4100,940,510,320
Michigan,Q2_16,58000,13500,5500,9500
Minnesota,Q2_16,71000,20000,21000,12500
Mississippi,Q2_16,89000,5500,10000,11000
Missouri,Q2_16,11500,1900,1800,500
Montana,Q2_16,36000,14000,33000,4200
Nebraska,Q2_16,29000,15500,4600,4100
New Jersey,Q2_16,8500,2100,2900,1800
New Mexico,Q2_16,6500,1500,330,1000
New York,Q2_16,24000,11000,1500,1100
North Carolina,Q2_16,19500,5500,3300,1800
North Dakota,Q2_16,121000,39000,61000,29000
Ohio,Q2_16,17500,10000,6000,2100
Oklahoma,Q2_16,25000,5500,2200,2200
Oregon,Q2_16,82000,14500,9500,5500
Pennsylvania,Q2_16,15500,8500,2600,1600
South Carolina,Q2_16,17500,1100,2000,950
South Dakota,Q2_16,100000,27000,23000,21000
Tennessee,Q2_16,7500,3600,920,730
Texas,Q2_16,305000,76000,94000,33000
Utah,Q2_16,24000,10000,3900,3400
Vermont,Q2_16,6000,580,50,100
Virginia,Q2_16,7500,2100,430,270
Washington,Q2_16,105000,15000,13000,5000
West Virginia,Q2_16,4700,2900,590,570
Wisconsin,Q2_16,25000,10000,5500,4600
Wyoming,Q2_16,12000,7500,5000,3200
Other States 5/,Q2_16,8600,4140,1960,1940
United States,Q2_16,2849500,661860,692850,352860
Alabama,Q3_16,8500,160,260,1400
Arizona,Q3_16,40000,4300,15500,6000
Arkansas,Q3_16,23000,500,210,9000
California,Q3_16,730000,40000,93000,76000
Colorado,Q3_16,29000,1400,1400,4500
Connecticut,Q3_16,3700,190,440,50
Florida,Q3_16,164000,37000,29000,36000
Georgia,Q3_16,108000,19500,15500,13000
Hawaii,Q3_16,14500,1200,5500,2700
Idaho,Q3_16,80000,5500,11500,14000
Illinois,Q3_16,14000,1300,1100,1400
Indiana,Q3_16,15000,1400,420,1600
Iowa,Q3_16,29000,640,680,3000
Kansas,Q3_16,9000,100,160,1000
Kentucky,Q3_16,10000,170,550,1300
Louisiana,Q3_16,50000,2300,1800,2000
Maine,Q3_16,6000,410,140,450
Maryland,Q3_16,7000,730,70,680
Massachusetts,Q3_16,7500,290,400,560
Michigan,Q3_16,89000,3300,3800,7000
Minnesota,Q3_16,133000,640,2300,32000
Mississippi,Q3_16,23000,260,110,3500
Missouri,Q3_16,14000,700,630,1200
Montana,Q3_16,140000,3200,10000,10500
Nebraska,Q3_16,67000,500,6000,6000
New Jersey,Q3_16,18500,190,500,210
New Mexico,Q3_16,6500,1300,650,1600
New York,Q3_16,44000,4400,7000,6500
North Carolina,Q3_16,24000,2500,1100,2900
North Dakota,Q3_16,460000,11000,22000,93000
Ohio,Q3_16,23000,2300,880,1900
Oklahoma,Q3_16,19500,160,190,230
Oregon,Q3_16,68000,8000,21000,8500
Pennsylvania,Q3_16,25000,1800,2400,1800
South Carolina,Q3_16,12000,880,580,2000
South Dakota,Q3_16,295000,2100,13000,53000
Tennessee,Q3_16,10000,500,350,1200
Texas,Q3_16,76000,5500,4800,16500
Utah,Q3_16,31000,1400,2200,8000
Vermont,Q3_16,6000,30,20,40
Virginia,Q3_16,8000,520,220,680
Washington,Q3_16,84000,1800,20000,11500
West Virginia,Q3_16,7000,300,270,300
Wisconsin,Q3_16,60000,1300,4300,9000
Wyoming,Q3_16,29000,270,440,2500
Other States 5/,Q3_16,12180,1050,700,900
United States,Q3_16,3132880,172990,303070,457100
Alabama,Q4_16,8000,80,60,610
Arizona,Q4_16,36000,3000,16000,12000
Arkansas,Q4_16,23000,1900,0,2400
California,Q4_16,750000,39000,75000,149000
Colorado,Q4_16,24000,3400,0,2500
Connecticut,Q4_16,3200,40,70,210
Florida,Q4_16,220000,30000,28000,37000
Georgia,Q4_16,110000,4400,1900,18000
Hawaii,Q4_16,13000,2700,760,690
Idaho,Q4_16,121000,5500,5500,22000
Illinois,Q4_16,14000,0,30,690
Indiana,Q4_16,11500,140,0,1100
Iowa,Q4_16,35000,40,30,4300
Kansas,Q4_16,8500,50,20,3400
Kentucky,Q4_16,8500,20,10,1100
Louisiana,Q4_16,55000,1100,2400,4900
Maine,Q4_16,4700,530,20,60
Maryland,Q4_16,7500,0,0,730
Massachusetts,Q4_16,4500,30,30,260
Michigan,Q4_16,67000,210,1600,9000
Minnesota,Q4_16,104000,600,40,10000
Mississippi,Q4_16,31000,500,230,1500
Missouri,Q4_16,13500,30,40,690
Montana,Q4_16,116000,1000,80,10000
Nebraska,Q4_16,72000,10,5500,7000
New Jersey,Q4_16,8000,20,10,270
New Mexico,Q4_16,6000,290,30,290
New York,Q4_16,45000,260,10,4000
North Carolina,Q4_16,22000,510,70,2200
North Dakota,Q4_16,230000,2700,9000,35000
Ohio,Q4_16,19000,200,140,2400
Oklahoma,Q4_16,5000,290,60,650
Oregon,Q4_16,100000,200,1400,8500
Pennsylvania,Q4_16,22000,1300,6500,2500
South Carolina,Q4_16,10000,640,1000,2200
South Dakota,Q4_16,194000,2400,0,9000
Tennessee,Q4_16,8500,70,420,1100
Texas,Q4_16,125000,13000,2000,25000
Utah,Q4_16,28000,120,100,1900
Vermont,Q4_16,6500,10,10,940
Virginia,Q4_16,7500,0,350,750
Washington,Q4_16,87000,330,170,6500
West Virginia,Q4_16,7000,190,140,610
Wisconsin,Q4_16,48000,210,10,6500
Wyoming,Q4_16,24000,30,0,1300
Other States 5/,Q4_16,11360,100,50,1630
United States,Q4_16,2874760,117150,158790,412380
Alabama,Q1_17,7500,2100,90,1700
Arizona,Q1_17,30000,3500,150,4700
Arkansas,Q1_17,27000,5000,1100,5000
California,Q1_17,1130000,210000,139000,200000
Colorado,Q1_17,5000,1700,10,750
Connecticut,Q1_17,2700,70,10,270
Florida,Q1_17,275000,49000,15500,40000
Georgia,Q1_17,100000,36000,3200,15500
Hawaii,Q1_17,15000,570,530,280
Idaho,Q1_17,91000,5500,3300,8500
Illinois,Q1_17,8500,860,40,1400
Indiana,Q1_17,6500,30,0,770
Iowa,Q1_17,13000,90,0,2900
Kansas,Q1_17,5000,1400,100,1100
Kentucky,Q1_17,6500,390,40,1300
Louisiana,Q1_17,54000,9500,2600,11000
Maine,Q1_17,2200,0,0,170
Maryland,Q1_17,7500,1200,10,820
Massachusetts,Q1_17,3000,1200,140,370
Michigan,Q1_17,25000,2300,80,5000
Minnesota,Q1_17,36000,6000,0,5500
Mississippi,Q1_17,21000,48000,25000,7500
Missouri,Q1_17,10000,5500,420,1300
Montana,Q1_17,16500,24000,0,900
Nebraska,Q1_17,11000,510,0,720
New Jersey,Q1_17,6000,80,20,1000
New Mexico,Q1_17,6000,1400,30,1700
New York,Q1_17,31000,970,600,4200
North Carolina,Q1_17,18500,1100,230,2600
North Dakota,Q1_17,89000,4600,0,8500
Ohio,Q1_17,16500,760,50,2900
Oklahoma,Q1_17,13500,4800,570,3300
Oregon,Q1_17,68000,3800,1300,2900
Pennsylvania,Q1_17,12500,480,170,2900
South Carolina,Q1_17,16500,3200,380,3500
South Dakota,Q1_17,47000,1600,0,10500
Tennessee,Q1_17,9000,180,70,1700
Texas,Q1_17,240000,126000,49000,30000
Utah,Q1_17,12000,1400,50,1900
Vermont,Q1_17,5500,0,0,410
Virginia,Q1_17,6500,560,70,1100
Washington,Q1_17,77000,5500,1200,13500
West Virginia,Q1_17,6500,0,0,1700
Wisconsin,Q1_17,20000,530,0,3100
Wyoming,Q1_17,2700,440,0,340
Other States 5/,Q1_17,7340,60,0,900
United States,Q1_17,2619940,571880,245060,416100
Alabama,Q2_17,8000,1200,690,930
Arizona,Q2_17,22000,14000,1600,3700
Arkansas,Q2_17,24000,12000,1600,3400
California,Q2_17,1110000,240000,185000,108000
Colorado,Q2_17,9500,9000,680,1800
Connecticut,Q2_17,2500,390,60,100
Florida,Q2_17,240000,43000,21000,29000
Georgia,Q2_17,108000,17500,3600,11000
Hawaii,Q2_17,13500,870,0,830
Idaho,Q2_17,60000,19000,5500,6000
Illinois,Q2_17,9000,2200,380,740
Indiana,Q2_17,4300,2700,900,220
Iowa,Q2_17,10500,26000,760,2400
Kansas,Q2_17,4700,3000,900,960
Kentucky,Q2_17,5500,2100,270,450
Louisiana,Q2_17,52000,10000,9500,4300
Maine,Q2_17,3600,510,560,4200
Maryland,Q2_17,8000,2800,400,320
Massachusetts,Q2_17,4200,1100,440,300
Michigan,Q2_17,40000,13500,3200,7500
Minnesota,Q2_17,27000,24000,4200,13000
Mississippi,Q2_17,85000,9000,61000,3700
Missouri,Q2_17,12000,1800,730,770
Montana,Q2_17,62000,25000,13500,7000
Nebraska,Q2_17,19500,8000,28000,6000
New Jersey,Q2_17,4200,1900,110,1500
New Mexico,Q2_17,6500,2700,100,1400
New York,Q2_17,31000,13500,1500,4000
North Carolina,Q2_17,23000,10000,550,1600
North Dakota,Q2_17,110000,23000,95000,27000
Ohio,Q2_17,14000,6000,1100,1700
Oklahoma,Q2_17,12000,4000,10000,310
Oregon,Q2_17,77000,19000,16000,4300
Pennsylvania,Q2_17,11000,6500,1100,1300
South Carolina,Q2_17,12500,2200,410,1300
South Dakota,Q2_17,51000,15000,13000,11000
Tennessee,Q2_17,8000,3900,200,580
Texas,Q2_17,340000,74000,54000,36000
Utah,Q2_17,14500,12000,7000,4800
Vermont,Q2_17,5000,480,30,20
Virginia,Q2_17,6000,2200,480,230
Washington,Q2_17,91000,21000,11500,6000
West Virginia,Q2_17,7000,2600,160,990
Wisconsin,Q2_17,18500,17500,3600,5500
Wyoming,Q2_17,6500,7500,580,2600
Other States 5/,Q2_17,7970,3270,270,1070
United States,Q2_17,2801470,736920,561160,329820
Alabama,Q3_17,8000,440,50,1200
Arizona,Q3_17,30000,3200,2600,6000
Arkansas,Q3_17,32000,270,60,1500
California,Q3_17,740000,33000,78000,82000
Colorado,Q3_17,33000,1100,740,6500
Connecticut,Q3_17,3100,890,180,270
Florida,Q3_17,200000,62000,14500,25000
Georgia,Q3_17,102000,12500,2300,13000
Hawaii,Q3_17,13500,430,820,600
Idaho,Q3_17,79000,1900,2800,13000
Illinois,Q3_17,11000,850,310,1300
Indiana,Q3_17,9500,450,550,600
Iowa,Q3_17,50000,10500,2400,5500
Kansas,Q3_17,8000,310,190,2600
Kentucky,Q3_17,7500,900,230,1000
Louisiana,Q3_17,51000,2600,2100,7000
Maine,Q3_17,5500,240,140,420
Maryland,Q3_17,7000,400,20,200
Massachusetts,Q3_17,9500,450,40,530
Michigan,Q3_17,108000,11000,9500,15000
Minnesota,Q3_17,132000,1300,1900,26000
Mississippi,Q3_17,19000,750,740,3300
Missouri,Q3_17,13500,480,170,650
Montana,Q3_17,147000,4100,6500,11500
Nebraska,Q3_17,45000,390,27000,8500
New Jersey,Q3_17,18000,120,80,270
New Mexico,Q3_17,6500,2000,1000,1100
New York,Q3_17,56000,1900,800,10000
North Carolina,Q3_17,25000,1400,1200,1400
North Dakota,Q3_17,510000,25000,104000,71000
Ohio,Q3_17,21000,980,630,1600
Oklahoma,Q3_17,3700,30,30,560
Oregon,Q3_17,107000,2900,4300,7500
Pennsylvania,Q3_17,19000,680,780,1300
South Carolina,Q3_17,13000,990,50,920
South Dakota,Q3_17,178000,4200,9500,25000
Tennessee,Q3_17,10000,340,290,950
Texas,Q3_17,129000,12500,810,12000
Utah,Q3_17,27000,1200,120,3200
Vermont,Q3_17,6500,170,50,400
Virginia,Q3_17,8000,460,360,810
Washington,Q3_17,57000,7500,2000,5000
West Virginia,Q3_17,7500,130,220,190
Wisconsin,Q3_17,71000,880,640,12000
Wyoming,Q3_17,32000,1800,1000,7000
Other States 5/,Q3_17,11880,1690,430,1920
United States,Q3_17,3181180,217320,282130,397290
Alabama,Q4_17,7000,50,10,610
Arizona,Q4_17,29000,4600,3100,6500
Arkansas,Q4_17,28000,20,10,2500
California,Q4_17,770000,40000,35000,205000
Colorado,Q4_17,30000,2500,0,4500
Connecticut,Q4_17,3100,0,0,240
Florida,Q4_17,255000,31000,11500,41000
Georgia,Q4_17,96000,12000,450,11000
Hawaii,Q4_17,13500,60,840,970
Idaho,Q4_17,121000,5000,420,15500
Illinois,Q4_17,9000,0,0,720
Indiana,Q4_17,7500,20,0,1200
Iowa,Q4_17,54000,0,20,4700
Kansas,Q4_17,5000,200,0,1300
Kentucky,Q4_17,7500,60,80,950
Louisiana,Q4_17,48000,250,340,2000
Maine,Q4_17,3500,0,0,280
Maryland,Q4_17,7500,20,30,500
Massachusetts,Q4_17,8000,0,0,740
Michigan,Q4_17,101000,10,130,12500
Minnesota,Q4_17,113000,0,0,13500
Mississippi,Q4_17,17500,330,60,2400
Missouri,Q4_17,9000,1400,640,590
Montana,Q4_17,124000,2700,0,16000
Nebraska,Q4_17,37000,190,0,4300
New Jersey,Q4_17,12000,400,0,340
New Mexico,Q4_17,7000,1100,20,1600
New York,Q4_17,48000,240,130,9000
North Carolina,Q4_17,25000,220,50,5500
North Dakota,Q4_17,385000,13500,2500,44000
Ohio,Q4_17,19500,20,140,2100
Oklahoma,Q4_17,3100,120,30,2700
Oregon,Q4_17,98000,1500,1000,9500
Pennsylvania,Q4_17,21000,120,180,3100
South Carolina,Q4_17,12000,760,370,1300
South Dakota,Q4_17,146000,0,2400,11000
Tennessee,Q4_17,9000,120,10,840
Texas,Q4_17,136000,2200,650,39000
Utah,Q4_17,30000,440,50,1600
Vermont,Q4_17,6500,20,10,260
Virginia,Q4_17,7000,230,10,730
Washington,Q4_17,65000,3100,130,9000
West Virginia,Q4_17,7500,80,60,1000
Wisconsin,Q4_17,59000,10,20,7500
Wyoming,Q4_17,25000,50,0,2200
Other States 5/,Q4_17,6360,20,0,580
United States,Q4_17,3032060,124660,60390,502350
Alabama,Q1_18,7000,570,740,1600
Arizona,Q1_18,31000,2900,0,6000
Arkansas,Q1_18,18000,430,230,3500
California,Q1_18,1170000,137000,93000,195000
Colorado,Q1_18,9500,100,0,1100
Connecticut,Q1_18,3100,100,110,380
Florida,Q1_18,260000,78000,34000,30000
Georgia,Q1_18,123000,25000,21000,14000
Hawaii,Q1_18,13000,510,50,190
Idaho,Q1_18,95000,2000,280,8500
Illinois,Q1_18,11000,3100,150,2900
Indiana,Q1_18,7000,1700,70,1900
Iowa,Q1_18,10000,70,0,3000
Kansas,Q1_18,3800,930,380,1000
Kentucky,Q1_18,6500,950,430,1300
Louisiana,Q1_18,44000,11000,1900,2700
Maine,Q1_18,2700,100,0,1000
Maryland,Q1_18,9000,770,260,2100
Massachusetts,Q1_18,3300,120,110,1500
Michigan,Q1_18,29000,600,130,5000
Minnesota,Q1_18,27000,3300,0,3500
Mississippi,Q1_18,31000,23000,7000,2600
Missouri,Q1_18,7000,400,10,1200
Montana,Q1_18,18500,3100,6000,470
Nebraska,Q1_18,7500,120,0,750
New Jersey,Q1_18,6000,10,0,490
New Mexico,Q1_18,5500,3600,0,2100
New York,Q1_18,32000,520,0,6000
North Carolina,Q1_18,16000,3700,1200,2500
North Dakota,Q1_18,50000,1100,10,640
Ohio,Q1_18,15500,1300,530,4400
Oklahoma,Q1_18,26000,9500,1700,550
Oregon,Q1_18,71000,7500,1400,8000
Pennsylvania,Q1_18,17000,810,390,4000
South Carolina,Q1_18,17000,4700,970,1600
South Dakota,Q1_18,21000,1500,440,2700
Tennessee,Q1_18,8500,1500,160,1600
Texas,Q1_18,275000,130000,68000,49000
Utah,Q1_18,16000,3900,60,2700
Vermont,Q1_18,6500,0,0,440
Virginia,Q1_18,8000,1900,280,1400
Washington,Q1_18,68000,8500,0,9000
West Virginia,Q1_18,5500,450,100,800
Wisconsin,Q1_18,17000,450,70,4400
Wyoming,Q1_18,6500,1300,0,3600
Other States 5/,Q1_18,6190,130,50,1540
United States,Q1_18,2641090,478240,241210,398650
Alabama,Q2_18,6500,1200,500,440
Arizona,Q2_18,22000,12500,3000,2600
Arkansas,Q2_18,17000,6000,1300,1900
California,Q2_18,980000,160000,220000,90000
Colorado,Q2_18,16500,8000,7500,4500
Connecticut,Q2_18,3000,2200,350,140
Florida,Q2_18,245000,40000,50000,35000
Georgia,Q2_18,130000,21000,31000,12500
Hawaii,Q2_18,12000,3000,920,70
Idaho,Q2_18,61000,22000,31000,10500
Illinois,Q2_18,11500,3600,1600,1200
Indiana,Q2_18,7500,3000,510,1200
Iowa,Q2_18,12000,23000,3900,2400
Kansas,Q2_18,3800,2500,870,390
Kentucky,Q2_18,7000,3100,590,900
Louisiana,Q2_18,56000,4100,8000,2600
Maine,Q2_18,2200,1100,1400,910
Maryland,Q2_18,8000,3400,930,190
Massachusetts,Q2_18,2500,1400,490,140
Michigan,Q2_18,55000,20000,13500,7500
Minnesota,Q2_18,32000,19000,8500,12000
Mississippi,Q2_18,89000,5500,26000,3800
Missouri,Q2_18,6500,1800,1000,270
Montana,Q2_18,47000,18000,18000,3700
Nebraska,Q2_18,7500,7000,27000,1500
New Jersey,Q2_18,5500,1900,660,430
New Mexico,Q2_18,7000,3300,3900,1800
New York,Q2_18,25000,16500,7500,1300
North Carolina,Q2_18,24000,5000,2700,3000
North Dakota,Q2_18,115000,31000,41000,16000
Ohio,Q2_18,13500,7000,2500,1100
Oklahoma,Q2_18,17000,4700,1200,200
Oregon,Q2_18,71000,15500,22000,5000
Pennsylvania,Q2_18,15500,7500,2300,540
South Carolina,Q2_18,20000,3000,3700,870
South Dakota,Q2_18,30000,10000,23000,13000
Tennessee,Q2_18,8500,2600,1500,1300
Texas,Q2_18,345000,43000,148000,28000
Utah,Q2_18,21000,12500,10000,2700
Vermont,Q2_18,6000,390,190,170
Virginia,Q2_18,8500,3100,1100,1000
Washington,Q2_18,75000,30000,20000,7000
West Virginia,Q2_18,7500,4100,2500,370
Wisconsin,Q2_18,18000,13000,6500,4000
Wyoming,Q2_18,15000,6000,3500,1300
Other States 5/,Q2_18,5650,870,940,160
United States,Q2_18,2694150,613360,762550,285590
Alabama,Q3_18,7000,690,530,900
Arizona,Q3_18,26000,5000,3200,4100
Arkansas,Q3_18,29000,4400,410,6000
California,Q3_18,590000,73000,74000,67000
Colorado,Q3_18,35000,2900,6410,4300
Connecticut,Q3_18,3500,50,20,130
Florida,Q3_18,176000,39000,42000,39000
Georgia,Q3_18,121000,19000,23000,15500
Hawaii,Q3_18,15000,430,20,1100
Idaho,Q3_18,89000,9000,16500,12000
Illinois,Q3_18,13000,710,1200,1100
Indiana,Q3_18,13000,420,740,930
Iowa,Q3_18,40000,2100,4000,2200
Kansas,Q3_18,7000,1400,1000,1700
Kentucky,Q3_18,9000,450,700,1600
Louisiana,Q3_18,64000,14500,34000,13500
Maine,Q3_18,5500,210,290,400
Maryland,Q3_18,8500,1300,600,1600
Massachusetts,Q3_18,9000,790,460,760
Michigan,Q3_18,103000,4300,11500,17500
Minnesota,Q3_18,136000,1900,2200,20000
Mississippi,Q3_18,24000,250,230,2900
Missouri,Q3_18,9000,320,310,580
Montana,Q3_18,154000,3100,23000,18500
Nebraska,Q3_18,46000,880,13500,3700
New Jersey,Q3_18,16000,280,110,420
New Mexico,Q3_18,8500,1800,200,2500
New York,Q3_18,59000,3100,9000,6500
North Carolina,Q3_18,26000,4100,2900,3300
North Dakota,Q3_18,470000,24000,100000,48000
Ohio,Q3_18,23000,1100,1800,1800
Oklahoma,Q3_18,4400,80,270,510
Oregon,Q3_18,94000,7500,28000,13500
Pennsylvania,Q3_18,18500,6000,1600,1500
South Carolina,Q3_18,14500,640,440,1700
South Dakota,Q3_18,152000,6000,7500,16500
Tennessee,Q3_18,10000,800,960,1700
Texas,Q3_18,104000,21000,7500,15000
Utah,Q3_18,35000,5500,3200,6500
Vermont,Q3_18,7500,520,270,180
Virginia,Q3_18,11500,430,430,1200
Washington,Q3_18,82000,5500,10500,17000
West Virginia,Q3_18,9000,440,1900,930
Wisconsin,Q3_18,74000,6000,9000,12500
Wyoming,Q3_18,35000,3100,3500,5500
Other States 5/,Q3_18,8100,380,650,1070
United States,Q3_18,2994500,284370,449550,394810
Alabama,Q4_18,7500,550,500,990
Arizona,Q4_18,27000,1300,1100,6500
Arkansas,Q4_18,25000,2500,440,7500
California,Q4_18,680000,90000,104000,155000
Colorado,Q4_18,34000,1500,4000,7000
Connecticut,Q4_18,4000,190,110,330
Florida,Q4_18,180000,55000,36000,50000
Georgia,Q4_18,125000,4300,2200,21000
Hawaii,Q4_18,15000,970,290,130
Idaho,Q4_18,113000,10000,5000,9000
Illinois,Q4_18,13500,140,460,1800
Indiana,Q4_18,11500,320,100,1700
Iowa,Q4_18,45000,250,3400,6500
Kansas,Q4_18,6500,140,40,830
Kentucky,Q4_18,7500,50,120,870
Louisiana,Q4_18,58000,390,1900,2700
Maine,Q4_18,5500,220,110,60
Maryland,Q4_18,8000,20,410,1300
Massachusetts,Q4_18,6000,120,550,1100
Michigan,Q4_18,88000,990,1900,11500
Minnesota,Q4_18,98000,1900,450,7000
Mississippi,Q4_18,14000,280,830,3400
Missouri,Q4_18,9500,100,230,820
Montana,Q4_18,115000,5500,2900,13000
Nebraska,Q4_18,42000,80,50,7500
New Jersey,Q4_18,15500,330,270,1200
New Mexico,Q4_18,8000,1700,0,1900
New York,Q4_18,51000,820,460,3900
North Carolina,Q4_18,23000,60,290,5000
North Dakota,Q4_18,410000,10000,2900,26000
Ohio,Q4_18,18500,510,960,2800
Oklahoma,Q4_18,3700,40,0,100
Oregon,Q4_18,94000,70,18500,10000
Pennsylvania,Q4_18,24000,2500,1100,5500
South Carolina,Q4_18,12500,1300,750,2000
South Dakota,Q4_18,111000,0,0,6500
Tennessee,Q4_18,8500,230,320,1300
Texas,Q4_18,127000,3200,1900,20000
Utah,Q4_18,29000,480,70,2000
Vermont,Q4_18,6500,10,10,470
Virginia,Q4_18,9500,300,210,1100
Washington,Q4_18,66000,2900,14000,4000
West Virginia,Q4_18,8500,70,1600,1200
Wisconsin,Q4_18,51000,530,3000,8500
Wyoming,Q4_18,28000,2500,320,3500
Other States 5/,Q4_18,6070,150,240,360
United States,Q4_18,2849770,204510,213990,424860
Alabama,Q1_19,7500,1200,1500,820
Arizona,Q1_19,25000,810,230,6000
Arkansas,Q1_19,22000,540,810,7500
California,Q1_19,1150000,205000,133000,215000
Colorado,Q1_19,13000,1400,190,4900
Connecticut,Q1_19,2900,220,330,140
Florida,Q1_19,245000,57000,38000,39000
Georgia,Q1_19,134000,29000,39000,25000
Hawaii,Q1_19,17000,1200,5000,1600
Idaho,Q1_19,164000,2500,2600,22000
Illinois,Q1_19,10500,1000,630,2400
Indiana,Q1_19,7000,300,30,1000
Iowa,Q1_19,41000,270,110,2100
Kansas,Q1_19,3700,370,410,950
Kentucky,Q1_19,5500,760,20,1200
Louisiana,Q1_19,50000,4100,320,3600
Maine,Q1_19,1900,20,30,410
Maryland,Q1_19,8000,400,190,1600
Massachusetts,Q1_19,3700,240,290,1000
Michigan,Q1_19,16500,4000,3900,7000
Minnesota,Q1_19,39000,8000,2900,3900
Mississippi,Q1_19,19000,28000,5500,2000
Missouri,Q1_19,8000,1400,50,1400
Montana,Q1_19,35000,840,0,140
Nebraska,Q1_19,6500,0,0,430
New Jersey,Q1_19,6500,180,190,730
New Mexico,Q1_19,7500,180,0,3900
New York,Q1_19,26000,400,170,3700
North Carolina,Q1_19,18500,2400,260,4200
North Dakota,Q1_19,66000,2600,10,3200
Ohio,Q1_19,12000,300,580,4500
Oklahoma,Q1_19,17000,890,240,3700
Oregon,Q1_19,81000,16500,3900,4800
Pennsylvania,Q1_19,14500,1200,670,3300
South Carolina,Q1_19,13500,1900,2800,1800
South Dakota,Q1_19,23000,250,90,390
Tennessee,Q1_19,10000,540,470,3400
Texas,Q1_19,205000,124000,42000,32000
Utah,Q1_19,7500,490,50,620
Vermont,Q1_19,5500,20,0,810
Virginia,Q1_19,7000,540,160,2100
Washington,Q1_19,44000,7000,870,4600
West Virginia,Q1_19,4700,330,60,2500
Wisconsin,Q1_19,21000,2800,1600,4600
Wyoming,Q1_19,5500,70,0,220
Other States 5/,Q1_19,3820,160,40,1870
United States,Q1_19,2635220,511320,289200,438030
Alabama,Q2_19,7000,1700,710,650
Arizona,Q2_19,19000,14000,2100,2600
Arkansas,Q2_19,14500,13000,1900,2000
California,Q2_19,1130000,172000,255000,110000
Colorado,Q2_19,16500,12500,4700,3000
Connecticut,Q2_19,3600,340,170,120
Florida,Q2_19,250000,49000,68000,56000
Georgia,Q2_19,131000,35000,16000,18000
Hawaii,Q2_19,16500,330,3100,380
Idaho,Q2_19,59000,14500,29000,6500
Illinois,Q2_19,10000,5000,2900,2300
Indiana,Q2_19,8000,4000,730,1800
Iowa,Q2_19,45000,15500,4800,4300
Kansas,Q2_19,3900,3500,2100,300
Kentucky,Q2_19,5500,1500,560,910
Louisiana,Q2_19,48000,4900,4000,1400
Maine,Q2_19,2200,430,790,3100
Maryland,Q2_19,7000,2400,1200,370
Massachusetts,Q2_19,3500,910,350,260
Michigan,Q2_19,37000,23000,8500,7500
Minnesota,Q2_19,69000,42000,25000,8500
Mississippi,Q2_19,50000,4000,7000,3400
Missouri,Q2_19,7000,2100,800,390
Montana,Q2_19,50000,17000,22000,5500
Nebraska,Q2_19,10500,4000,900,2100
New Jersey,Q2_19,4400,1300,170,270
New Mexico,Q2_19,1900,1700,450,50
New York,Q2_19,20000,11000,2400,2700
North Carolina,Q2_19,16000,4100,800,2500
North Dakota,Q2_19,74000,23000,64000,23000
Ohio,Q2_19,11000,9000,2100,1500
Oklahoma,Q2_19,15500,10500,6500,1700
Oregon,Q2_19,41000,17500,24000,3400
Pennsylvania,Q2_19,15500,6000,1600,1100
South Carolina,Q2_19,14000,2600,4000,1300
South Dakota,Q2_19,10000,12500,65000,17000
Tennessee,Q2_19,8000,3800,1300,1200
Texas,Q2_19,305000,79000,71000,38000
Utah,Q2_19,14500,9500,4100,1900
Vermont,Q2_19,5500,2600,140,520
Virginia,Q2_19,5000,2600,700,500
Washington,Q2_19,55000,15500,19000,7500
West Virginia,Q2_19,7000,2300,550,570
Wisconsin,Q2_19,26000,12000,7000,6500
Wyoming,Q2_19,8500,5500,2200,2300
Other States 5/,Q2_19,4380,1750,1030,380
United States,Q2_19,2665880,676360,740350,355270
Alabama,Q3_19,8500,1600,1300,1700
Arizona,Q3_19,31000,3200,3100,8000
Arkansas,Q3_19,29000,2600,840,2300
California,Q3_19,590000,63000,141000,73000
Colorado,Q3_19,34000,1500,5000,5000
Connecticut,Q3_19,3200,80,310,130
Florida,Q3_19,197000,53000,40000,30000
Georgia,Q3_19,134000,27000,33000,17000
Hawaii,Q3_19,16500,1700,3000,1800
Idaho,Q3_19,82000,15000,21000,14000
Illinois,Q3_19,11000,700,420,660
Indiana,Q3_19,11500,520,1200,990
Iowa,Q3_19,56000,1200,990,3600
Kansas,Q3_19,6000,300,180,950
Kentucky,Q3_19,6500,300,660,840
Louisiana,Q3_19,53000,1600,2300,1900
Maine,Q3_19,12500,60,170,890
Maryland,Q3_19,7500,580,680,360
Massachusetts,Q3_19,8000,850,730,2200
Michigan,Q3_19,88000,3000,22000,8000
Minnesota,Q3_19,121000,1600,6500,29000
Mississippi,Q3_19,16500,110,650,2900
Missouri,Q3_19,10000,260,410,540
Montana,Q3_19,145000,3100,22000,18500
Nebraska,Q3_19,52000,8500,5000,6500
New Jersey,Q3_19,14000,250,220,320
New Mexico,Q3_19,6000,3800,1000,1200
New York,Q3_19,55000,3600,3700,3900
North Carolina,Q3_19,18000,2600,2000,2200
North Dakota,Q3_19,455000,23000,14500,59000
Ohio,Q3_19,16000,1300,2100,1300
Oklahoma,Q3_19,2100,20,10,370
Oregon,Q3_19,116000,3000,49000,13000
Pennsylvania,Q3_19,20000,2900,2300,860
South Carolina,Q3_19,9500,670,1100,1400
South Dakota,Q3_19,168000,8000,6500,22000
Tennessee,Q3_19,9000,540,1000,900
Texas,Q3_19,112000,7500,9500,7500
Utah,Q3_19,30000,970,1400,4400
Vermont,Q3_19,7000,1200,80,90
Virginia,Q3_19,7500,1000,990,610
Washington,Q3_19,76000,7000,3600,12000
West Virginia,Q3_19,7500,170,1200,520
Wisconsin,Q3_19,61000,2400,3800,10000
Wyoming,Q3_19,33000,1800,3900,3900
Other States 5/,Q3_19,6490,480,440,890
United States,Q3_19,2958790,263560,420780,377120
Alabama,Q4_19,6500,210,1300,830
Arizona,Q4_19,26000,2200,330,5000
Arkansas,Q4_19,30000,110,230,6000
California,Q4_19,680000,86000,46000,170000
Colorado,Q4_19,30000,370,10,3500
Connecticut,Q4_19,3500,0,60,220
Florida,Q4_19,240000,53000,20000,43000
Georgia,Q4_19,148000,6500,49000,19500
Hawaii,Q4_19,16000,1700,6000,940
Idaho,Q4_19,99000,9000,910,15000
Illinois,Q4_19,12000,600,350,1400
Indiana,Q4_19,9000,40,1200,3300
Iowa,Q4_19,21000,630,80,4200
Kansas,Q4_19,5500,420,10,1000
Kentucky,Q4_19,7000,60,430,2000
Louisiana,Q4_19,50000,130,200,2600
Maine,Q4_19,12000,210,880,1400
Maryland,Q4_19,7000,60,90,690
Massachusetts,Q4_19,4900,110,320,650
Michigan,Q4_19,77000,3900,1800,6000
Minnesota,Q4_19,84000,2500,590,11500
Mississippi,Q4_19,14500,330,50,2000
Missouri,Q4_19,10000,170,150,880
Montana,Q4_19,98000,3100,500,5500
Nebraska,Q4_19,45000,7000,840,5000
New Jersey,Q4_19,15500,30,80,1300
New Mexico,Q4_19,8000,50,0,3000
New York,Q4_19,53000,1000,1500,4400
North Carolina,Q4_19,16000,250,300,2700
North Dakota,Q4_19,430000,7500,1500,29000
Ohio,Q4_19,15500,170,450,2100
Oklahoma,Q4_19,2200,60,20,2500
Oregon,Q4_19,89000,10500,12000,13000
Pennsylvania,Q4_19,21000,270,1500,4000
South Carolina,Q4_19,10000,770,790,1500
South Dakota,Q4_19,140000,2000,430,21000
Tennessee,Q4_19,8000,30,370,1900
Texas,Q4_19,116000,11000,70,17000
Utah,Q4_19,27000,180,400,3400
Vermont,Q4_19,6500,10,20,170
Virginia,Q4_19,7000,80,1300,1100
Washington,Q4_19,75000,5500,1400,11000
West Virginia,Q4_19,7000,50,70,1200
Wisconsin,Q4_19,48000,1600,530,8500
Wyoming,Q4_19,30000,220,0,2700
Other States 5/,Q4_19,8370,20,500,1150
United States,Q4_19,2868970,219640,154560,444730
